kernel,study_axis,arch,toolkit,maxrregcount,minnctapersm,registers,barriers,stack_frame_bytes,spill_store_bytes,spill_load_bytes,threads_per_block,shared_bytes_per_block,blocks_by_registers,blocks_by_shared,blocks_by_warps,blocks_per_sm,limiter,theoretical_occupancy_pct,gflops
gemm_mma_opt_kernel<false>,maxrregcount,sm_120,13.3.73,none,1,122,1,0,0,0,256,49152,2,2,6,2,shared_memory,33.3,pending
gemm_mma_opt_kernel<false>,maxrregcount,sm_120,13.3.73,64,1,64,1,368,544,544,256,49152,4,2,6,2,shared_memory,33.3,pending
gemm_mma_opt_kernel<false>,maxrregcount,sm_120,13.3.73,80,1,80,1,136,172,164,256,49152,3,2,6,2,shared_memory,33.3,pending
gemm_mma_opt_kernel<false>,maxrregcount,sm_120,13.3.73,96,1,96,1,16,12,12,256,49152,2,2,6,2,shared_memory,33.3,pending
gemm_mma_opt_kernel<false>,maxrregcount,sm_120,13.3.73,111,1,109,1,0,0,0,256,49152,2,2,6,2,shared_memory,33.3,pending
gemm_mma_opt_kernel<false>,maxrregcount,sm_120,13.3.73,128,1,122,1,0,0,0,256,49152,2,2,6,2,shared_memory,33.3,pending
gemm_mma_opt_kernel<false>,maxrregcount,sm_120,13.3.73,168,1,122,1,0,0,0,256,49152,2,2,6,2,shared_memory,33.3,pending
gemm_mma_opt_kernel<false>,launch_bounds,sm_120,13.3.73,none,1,122,1,0,0,0,256,49152,2,2,6,2,shared_memory,33.3,pending
gemm_mma_opt_kernel<false>,launch_bounds,sm_120,13.3.73,none,2,122,1,0,0,0,256,49152,2,2,6,2,shared_memory,33.3,pending
gemm_mma_opt_kernel<false>,launch_bounds,sm_120,13.3.73,none,3,80,1,136,172,164,256,49152,3,2,6,2,shared_memory,33.3,pending
gemm_mma_opt_kernel<false>,launch_bounds,sm_120,13.3.73,none,4,64,1,368,544,544,256,49152,4,2,6,2,shared_memory,33.3,pending
