family,variant,dtype,m,n,k,median_ms,iqr_ms,min_ms,reps,ci95_lo_ms,ci95_hi_ms,process_reps,gflops,baseline_variant,baseline_gflops,pct_baseline,l2_flushed,launch_mode,inner_launches,chosen,entry_point,tile,verify_residual,verify_tol,cublas_math_mode,throttled,throttle_reruns,median_sm_clock_mhz,clock_locked,locked_clock_mhz,max_temp_c,max_power_w,order_seed,order_index,sweep_schema_version,cuda_runtime,cuda_driver,commit
gemm,baseline_cublas_default,fp16,1000,1000,1000,0.044608,0.001952,0.044192,1000,0.044576,0.044672,5,44835.007,baseline_cublas_default,44835.007,100.0,True,stream,1,cublas,ckl_gemm,,0.0,3.015783e-05,CUBLAS_DEFAULT_MATH,False,0,2497.0,True,2500,44,44.7,1044102541,1,2,13030,13030,b435d7e192d67f2b9467632d39b9b38c7668c8f7
gemm,baseline_cublas_default,fp16,768,768,768,0.024064,0.000128,0.022432,1000,0.024064,0.024096,5,37648.339,baseline_cublas_default,37648.339,100.0,True,stream,1,cublas,ckl_gemm,,0.0,2.6429e-05,CUBLAS_DEFAULT_MATH,False,0,2497.0,True,2500,41,37.7,1044102541,2,2,13030,13030,b435d7e192d67f2b9467632d39b9b38c7668c8f7
gemm,baseline_cublas_default,fp16,64,8192,4096,0.118848,0.002848,0.115008,1000,0.11856,0.1192,5,36138.321,baseline_cublas_default,36138.321,100.0,False,stream,1,cublas,ckl_gemm,,0.0,6.103516e-05,CUBLAS_DEFAULT_MATH,False,0,2497.0,True,2500,42,43.3,1044102541,3,2,13030,13030,b435d7e192d67f2b9467632d39b9b38c7668c8f7
gemm,baseline_cublas_default,fp16,4096,4090,4096,2.390944,0.017888,2.383808,813,2.389472,2.392112,5,57398.93,baseline_cublas_default,57398.93,100.0,False,stream,1,cublas,ckl_gemm,,0.0,6.103516e-05,CUBLAS_DEFAULT_MATH,False,0,2497.0,True,2500,55,132.2,1044102541,4,2,13030,13030,b435d7e192d67f2b9467632d39b9b38c7668c8f7
gemm,baseline_cublas_default,fp16,129,257,193,0.00768,6.4e-05,0.007232,1000,0.00768,0.00768,5,1666.284,baseline_cublas_default,1666.284,100.0,True,stream,1,cublas,ckl_gemm,,0.0,1.324887e-05,CUBLAS_DEFAULT_MATH,False,0,2497.0,True,2500,41,37.2,1044102541,5,2,13030,13030,b435d7e192d67f2b9467632d39b9b38c7668c8f7
gemm,baseline_cublas_default,fp16,8192,8192,8192,18.253824,0.201921,18.228767,107,18.250401,18.267937,5,60234.59,baseline_cublas_default,60234.59,100.0,False,stream,1,cublas,ckl_gemm,,0.0,8.631675e-05,CUBLAS_DEFAULT_MATH,False,0,2497.0,True,2500,51,126.3,1044102541,6,2,13030,13030,b435d7e192d67f2b9467632d39b9b38c7668c8f7
gemm,baseline_cublas_default,fp16,8192,64,4096,0.125728,0.003008,0.12112,1000,0.125536,0.126208,5,34160.787,baseline_cublas_default,34160.787,100.0,False,stream,1,cublas,ckl_gemm,,0.0,6.103516e-05,CUBLAS_DEFAULT_MATH,False,0,2497.0,True,2500,39,41.9,1044102541,7,2,13030,13030,b435d7e192d67f2b9467632d39b9b38c7668c8f7
gemm,baseline_cublas_default,fp16,2048,2048,2048,0.304704,0.000776,0.303296,1000,0.304704,0.304704,5,56382.156,baseline_cublas_default,56382.156,100.0,True,stream,1,cublas,ckl_gemm,,0.0,4.315837e-05,CUBLAS_DEFAULT_MATH,False,0,2497.0,True,2500,38,80.5,1044102541,8,2,13030,13030,b435d7e192d67f2b9467632d39b9b38c7668c8f7
gemm,baseline_cublas_default,fp16,127,127,127,0.010432,0.0016,0.009568,1000,0.01024,0.011616,5,392.711,baseline_cublas_default,392.711,100.0,True,stream,1,cublas,ckl_gemm,,0.0,1.074736e-05,CUBLAS_DEFAULT_MATH,False,0,2497.0,True,2500,38,40.7,1044102541,9,2,13030,13030,b435d7e192d67f2b9467632d39b9b38c7668c8f7
gemm,baseline_cublas_default,fp16,4096,4096,4096,2.39504,0.020192,2.380768,807,2.393984,2.395744,5,57384.825,baseline_cublas_default,57384.825,100.0,False,stream,1,cublas,ckl_gemm,,0.0,6.103516e-05,CUBLAS_DEFAULT_MATH,False,0,2497.0,True,2500,50,133.6,1044102541,10,2,13030,13030,b435d7e192d67f2b9467632d39b9b38c7668c8f7
gemm,baseline_cublas_default,fp16,128,128,128,0.005632,9.6e-05,0.005248,1000,0.0056,0.005664,5,744.727,baseline_cublas_default,744.727,100.0,True,stream,1,cublas,ckl_gemm,,0.0,1.078959e-05,CUBLAS_DEFAULT_MATH,False,0,2497.0,True,2500,38,40.8,1044102541,11,2,13030,13030,b435d7e192d67f2b9467632d39b9b38c7668c8f7
gemm,baseline_cublas_default,fp16,1024,1024,1024,0.044544,9.6e-05,0.044064,1000,0.044544,0.045024,5,48210.391,baseline_cublas_default,48210.391,100.0,True,stream,1,cublas,ckl_gemm,,0.0,3.051758e-05,CUBLAS_DEFAULT_MATH,False,0,2497.0,True,2500,41,42.5,1044102541,12,2,13030,13030,b435d7e192d67f2b9467632d39b9b38c7668c8f7
gemm,baseline_cublas_default,fp16,256,256,256,0.006144,6.4e-05,0.005504,1000,0.006144,0.007648,5,5461.333,baseline_cublas_default,5461.333,100.0,True,stream,1,cublas,ckl_gemm,,0.0,1.525879e-05,CUBLAS_DEFAULT_MATH,False,0,2497.0,True,2500,38,39.8,1044102541,13,2,13030,13030,b435d7e192d67f2b9467632d39b9b38c7668c8f7
gemm,baseline_cublas_default,fp16,512,512,512,0.011808,0.000128,0.01136,1000,0.011776,0.011808,5,22733.356,baseline_cublas_default,22733.356,100.0,True,stream,1,cublas,ckl_gemm,,0.0,2.157919e-05,CUBLAS_DEFAULT_MATH,False,0,2497.0,True,2500,38,39.5,1044102541,14,2,13030,13030,b435d7e192d67f2b9467632d39b9b38c7668c8f7
gemm,tile_128x128x32,fp16,8192,64,4096,0.283776,0.002624,0.278752,1000,0.283552,0.284096,5,15135.063,baseline_cublas_default,34160.787,44.31,False,stream,1,tile_family,gemm_tile_family,128x128x32,0.0,6.103516e-05,CUBLAS_DEFAULT_MATH,False,0,2497.0,True,2500,36,48.2,1044102541,15,2,13030,13030,b435d7e192d67f2b9467632d39b9b38c7668c8f7
gemm,tile_128x64x64,fp16,128,128,128,0.00768,6.4e-05,0.00672,1000,0.0072,0.00768,5,546.133,baseline_cublas_default,744.727,73.33,True,stream,1,tile_family,gemm_tile_family,128x64x64,1.496459e-07,1.078959e-05,CUBLAS_DEFAULT_MATH,False,0,2497.0,True,2500,36,38.6,1044102541,16,2,13030,13030,b435d7e192d67f2b9467632d39b9b38c7668c8f7
gemm,tile_128x128x32,fp16,512,512,512,0.02208,0.001768,0.021536,1000,0.022048,0.022208,5,12157.403,baseline_cublas_default,22733.356,53.48,True,stream,1,tile_family,gemm_tile_family,128x128x32,0.0,2.157919e-05,CUBLAS_DEFAULT_MATH,False,0,2497.0,True,2500,36,39.4,1044102541,17,2,13030,13030,b435d7e192d67f2b9467632d39b9b38c7668c8f7
gemm,tile_128x128x64,fp16,512,512,512,0.02192,0.000512,0.020608,1000,0.021568,0.022048,5,12246.143,baseline_cublas_default,22733.356,53.87,True,stream,1,tile_family,gemm_tile_family,128x128x64,0.0,2.157919e-05,CUBLAS_DEFAULT_MATH,False,0,2497.0,True,2500,36,40.5,1044102541,18,2,13030,13030,b435d7e192d67f2b9467632d39b9b38c7668c8f7
gemm,tile_256x128x32,fp16,4096,4096,4096,2.743712,0.010672,2.734464,703,2.742528,2.748256,5,50092.341,baseline_cublas_default,57384.825,87.29,False,stream,1,tile_family,gemm_tile_family,256x128x32,0.0,6.103516e-05,CUBLAS_DEFAULT_MATH,False,0,2497.0,True,2500,47,104.8,1044102541,19,2,13030,13030,b435d7e192d67f2b9467632d39b9b38c7668c8f7
gemm,tile_128x128x32,fp16,768,768,768,0.032192,0.002016,0.029984,1000,0.031776,0.032192,5,28142.696,baseline_cublas_default,37648.339,74.75,True,stream,1,tile_family,gemm_tile_family,128x128x32,0.0,2.6429e-05,CUBLAS_DEFAULT_MATH,False,0,2497.0,True,2500,37,40.4,1044102541,20,2,13030,13030,b435d7e192d67f2b9467632d39b9b38c7668c8f7
gemm,tile_128x64x64,fp16,127,127,127,0.019968,0.000544,0.018912,1000,0.019488,0.02,5,205.167,baseline_cublas_default,392.711,52.24,True,stream,1,tile_family,gemm_tile_family,128x64x64,1.160234e-07,1.074736e-05,CUBLAS_DEFAULT_MATH,False,0,2497.0,True,2500,38,40.4,1044102541,21,2,13030,13030,b435d7e192d67f2b9467632d39b9b38c7668c8f7
gemm,tile_128x128x64,fp16,768,768,768,0.03024,9.6e-05,0.028064,1000,0.030208,0.03024,5,29959.315,baseline_cublas_default,37648.339,79.58,True,stream,1,tile_family,gemm_tile_family,128x128x64,0.0,2.6429e-05,CUBLAS_DEFAULT_MATH,False,0,2497.0,True,2500,37,40.6,1044102541,22,2,13030,13030,b435d7e192d67f2b9467632d39b9b38c7668c8f7
gemm,tile_128x128x64,fp16,64,8192,4096,0.32592,0.002176,0.3224,1000,0.325888,0.326592,5,13177.981,baseline_cublas_default,36138.321,36.47,False,stream,1,tile_family,gemm_tile_family,128x128x64,0.0,6.103516e-05,CUBLAS_DEFAULT_MATH,False,0,2497.0,True,2500,41,48.7,1044102541,23,2,13030,13030,b435d7e192d67f2b9467632d39b9b38c7668c8f7
gemm,tile_128x128x64,fp16,127,127,127,0.017952,6.4e-05,0.016896,1000,0.017952,0.017952,5,228.207,baseline_cublas_default,392.711,58.11,True,stream,1,tile_family,gemm_tile_family,128x128x64,1.160234e-07,1.074736e-05,CUBLAS_DEFAULT_MATH,False,0,2497.0,True,2500,36,40.0,1044102541,24,2,13030,13030,b435d7e192d67f2b9467632d39b9b38c7668c8f7
gemm,tile_256x128x32,fp16,768,768,768,0.054816,0.000128,0.052608,1000,0.054816,0.054816,5,16527.468,baseline_cublas_default,37648.339,43.9,True,stream,1,tile_family,gemm_tile_family,256x128x32,0.0,2.6429e-05,CUBLAS_DEFAULT_MATH,False,0,2497.0,True,2500,39,41.6,1044102541,25,2,13030,13030,b435d7e192d67f2b9467632d39b9b38c7668c8f7
gemm,tile_64x128x64,fp16,1024,1024,1024,0.058912,9.6e-05,0.057952,1000,0.05888,0.058912,5,36452.397,baseline_cublas_default,48210.391,75.61,True,stream,1,tile_family,gemm_tile_family,64x128x64,0.0,3.051758e-05,CUBLAS_DEFAULT_MATH,False,0,2497.0,True,2500,40,43.8,1044102541,26,2,13030,13030,b435d7e192d67f2b9467632d39b9b38c7668c8f7
gemm,tile_128x256x32,fp16,128,128,128,0.013856,6.4e-05,0.013312,1000,0.013856,0.013856,5,302.707,baseline_cublas_default,744.727,40.65,True,stream,1,tile_family,gemm_tile_family,128x256x32,1.496459e-07,1.078959e-05,CUBLAS_DEFAULT_MATH,False,0,2497.0,True,2500,37,39.0,1044102541,27,2,13030,13030,b435d7e192d67f2b9467632d39b9b38c7668c8f7
gemm,tile_128x64x64,fp16,8192,64,4096,0.161408,0.00192,0.15792,1000,0.161248,0.1616,5,26609.382,baseline_cublas_default,34160.787,77.89,False,stream,1,tile_family,gemm_tile_family,128x64x64,0.0,6.103516e-05,CUBLAS_DEFAULT_MATH,False,0,2497.0,True,2500,37,42.3,1044102541,28,2,13030,13030,b435d7e192d67f2b9467632d39b9b38c7668c8f7
gemm,tile_128x64x64,fp16,768,768,768,0.032288,6.4e-05,0.031584,1000,0.032288,0.032288,5,28059.021,baseline_cublas_default,37648.339,74.53,True,stream,1,tile_family,gemm_tile_family,128x64x64,0.0,2.6429e-05,CUBLAS_DEFAULT_MATH,False,0,2497.0,True,2500,37,40.8,1044102541,29,2,13030,13030,b435d7e192d67f2b9467632d39b9b38c7668c8f7
gemm,tile_128x64x64,fp16,256,256,256,0.009728,6.4e-05,0.009024,1000,0.009728,0.00976,5,3449.263,baseline_cublas_default,5461.333,63.16,True,stream,1,tile_family,gemm_tile_family,128x64x64,1.609704e-07,1.525879e-05,CUBLAS_DEFAULT_MATH,False,0,2497.0,True,2500,37,39.0,1044102541,30,2,13030,13030,b435d7e192d67f2b9467632d39b9b38c7668c8f7
gemm,tile_128x128x64,fp16,8192,64,4096,0.34704,0.002536,0.343168,1000,0.346928,0.347152,5,12376.001,baseline_cublas_default,34160.787,36.23,False,stream,1,tile_family,gemm_tile_family,128x128x64,0.0,6.103516e-05,CUBLAS_DEFAULT_MATH,False,0,2497.0,True,2500,37,47.3,1044102541,31,2,13030,13030,b435d7e192d67f2b9467632d39b9b38c7668c8f7
gemm,tile_64x128x64,fp16,1000,1000,1000,0.112192,0.001928,0.111744,1000,0.112192,0.112192,5,17826.583,baseline_cublas_default,44835.007,39.76,True,stream,1,tile_family,gemm_tile_family,64x128x64,0.0,3.015783e-05,CUBLAS_DEFAULT_MATH,False,0,2497.0,True,2500,41,44.9,1044102541,32,2,13030,13030,b435d7e192d67f2b9467632d39b9b38c7668c8f7
gemm,tile_128x128x64,fp16,129,257,193,0.026144,9.6e-05,0.02544,1000,0.026144,0.026144,5,489.484,baseline_cublas_default,1666.284,29.38,True,stream,1,tile_family,gemm_tile_family,128x128x64,7.667752e-08,1.324887e-05,CUBLAS_DEFAULT_MATH,False,0,2497.0,True,2500,37,40.4,1044102541,33,2,13030,13030,b435d7e192d67f2b9467632d39b9b38c7668c8f7
gemm,tile_128x256x32,fp16,1024,1024,1024,0.06912,6.4e-05,0.06816,1000,0.06912,0.069152,5,31068.92,baseline_cublas_default,48210.391,64.44,True,stream,1,tile_family,gemm_tile_family,128x256x32,0.0,3.051758e-05,CUBLAS_DEFAULT_MATH,False,0,2497.0,True,2500,37,42.8,1044102541,34,2,13030,13030,b435d7e192d67f2b9467632d39b9b38c7668c8f7
gemm,tile_128x256x32,fp16,2048,2048,2048,0.380448,0.000128,0.378048,1000,0.380416,0.380448,5,45156.943,baseline_cublas_default,56382.156,80.09,True,stream,1,tile_family,gemm_tile_family,128x256x32,0.0,4.315837e-05,CUBLAS_DEFAULT_MATH,False,0,2497.0,True,2500,43,63.8,1044102541,35,2,13030,13030,b435d7e192d67f2b9467632d39b9b38c7668c8f7
gemm,tile_64x128x64,fp16,64,8192,4096,0.155552,0.002176,0.152416,1000,0.155392,0.156992,5,27611.135,baseline_cublas_default,36138.321,76.4,False,stream,1,tile_family,gemm_tile_family,64x128x64,0.0,6.103516e-05,CUBLAS_DEFAULT_MATH,False,0,2497.0,True,2500,37,40.9,1044102541,36,2,13030,13030,b435d7e192d67f2b9467632d39b9b38c7668c8f7
gemm,tile_256x128x32,fp16,8192,8192,8192,21.50272,1.133575,21.194944,92,21.489248,22.864992,5,51133.607,baseline_cublas_default,60234.59,84.89,False,stream,1,tile_family,gemm_tile_family,256x128x32,0.0,8.631675e-05,CUBLAS_DEFAULT_MATH,False,0,2497.0,True,2500,49,132.6,1044102541,37,2,13030,13030,b435d7e192d67f2b9467632d39b9b38c7668c8f7
gemm,tile_64x128x64,fp16,256,256,256,0.009728,6.4e-05,0.008992,1000,0.009728,0.00976,5,3449.263,baseline_cublas_default,5461.333,63.16,True,stream,1,tile_family,gemm_tile_family,64x128x64,1.609704e-07,1.525879e-05,CUBLAS_DEFAULT_MATH,False,0,2497.0,True,2500,38,40.6,1044102541,38,2,13030,13030,b435d7e192d67f2b9467632d39b9b38c7668c8f7
gemm,tile_128x128x32,fp16,64,8192,4096,0.269504,0.002272,0.264224,1000,0.26936,0.269824,5,15936.562,baseline_cublas_default,36138.321,44.1,False,stream,1,tile_family,gemm_tile_family,128x128x32,0.0,6.103516e-05,CUBLAS_DEFAULT_MATH,False,0,2497.0,True,2500,42,45.8,1044102541,39,2,13030,13030,b435d7e192d67f2b9467632d39b9b38c7668c8f7
gemm,tile_256x128x32,fp16,8192,64,4096,0.285984,0.00228,0.282368,1000,0.285856,0.286432,5,15018.208,baseline_cublas_default,34160.787,43.96,False,stream,1,tile_family,gemm_tile_family,256x128x32,0.0,6.103516e-05,CUBLAS_DEFAULT_MATH,False,0,2497.0,True,2500,37,47.7,1044102541,40,2,13030,13030,b435d7e192d67f2b9467632d39b9b38c7668c8f7
gemm,tile_64x128x64,fp16,512,512,512,0.013856,6.4e-05,0.013184,1000,0.013856,0.015232,5,19373.228,baseline_cublas_default,22733.356,85.22,True,stream,1,tile_family,gemm_tile_family,64x128x64,0.0,2.157919e-05,CUBLAS_DEFAULT_MATH,False,0,2497.0,True,2500,36,37.7,1044102541,41,2,13030,13030,b435d7e192d67f2b9467632d39b9b38c7668c8f7
gemm,tile_128x64x64,fp16,1024,1024,1024,0.058912,9.6e-05,0.05792,1000,0.05888,0.058912,5,36452.397,baseline_cublas_default,48210.391,75.61,True,stream,1,tile_family,gemm_tile_family,128x64x64,0.0,3.051758e-05,CUBLAS_DEFAULT_MATH,False,0,2497.0,True,2500,40,45.0,1044102541,42,2,13030,13030,b435d7e192d67f2b9467632d39b9b38c7668c8f7
gemm,tile_128x64x64,fp16,64,8192,4096,0.36064,0.009064,0.356576,1000,0.360288,0.361008,5,11909.293,baseline_cublas_default,36138.321,32.95,False,stream,1,tile_family,gemm_tile_family,128x64x64,0.0,6.103516e-05,CUBLAS_DEFAULT_MATH,False,0,2497.0,True,2500,40,51.9,1044102541,43,2,13030,13030,b435d7e192d67f2b9467632d39b9b38c7668c8f7
gemm,tile_256x128x32,fp16,512,512,512,0.038432,9.6e-05,0.037376,1000,0.03792,0.038432,5,6984.686,baseline_cublas_default,22733.356,30.72,True,stream,1,tile_family,gemm_tile_family,256x128x32,0.0,2.157919e-05,CUBLAS_DEFAULT_MATH,False,0,2497.0,True,2500,38,40.3,1044102541,44,2,13030,13030,b435d7e192d67f2b9467632d39b9b38c7668c8f7
gemm,tile_64x128x64,fp16,4096,4096,4096,2.849888,0.014992,2.838304,626,2.847968,2.85288,5,48226.09,baseline_cublas_default,57384.825,84.04,False,stream,1,tile_family,gemm_tile_family,64x128x64,0.0,6.103516e-05,CUBLAS_DEFAULT_MATH,False,0,2497.0,True,2500,48,117.3,1044102541,45,2,13030,13030,b435d7e192d67f2b9467632d39b9b38c7668c8f7
gemm,tile_128x128x32,fp16,256,256,256,0.013824,6.4e-05,0.013024,1000,0.013344,0.013856,5,2427.259,baseline_cublas_default,5461.333,44.44,True,stream,1,tile_family,gemm_tile_family,128x128x32,1.609704e-07,1.525879e-05,CUBLAS_DEFAULT_MATH,False,0,2497.0,True,2500,39,39.5,1044102541,46,2,13030,13030,b435d7e192d67f2b9467632d39b9b38c7668c8f7
gemm,tile_64x128x64,fp16,8192,64,4096,0.454592,0.009416,0.441344,1000,0.447488,0.455424,5,9447.961,baseline_cublas_default,34160.787,27.66,False,stream,1,tile_family,gemm_tile_family,64x128x64,0.0,6.103516e-05,CUBLAS_DEFAULT_MATH,False,0,2497.0,True,2500,37,53.4,1044102541,47,2,13030,13030,b435d7e192d67f2b9467632d39b9b38c7668c8f7
gemm,tile_256x128x32,fp16,1000,1000,1000,0.07904,0.000544,0.078016,1000,0.078848,0.079296,5,25303.644,baseline_cublas_default,44835.007,56.44,True,stream,1,tile_family,gemm_tile_family,256x128x32,0.0,3.015783e-05,CUBLAS_DEFAULT_MATH,False,0,2497.0,True,2500,36,44.6,1044102541,48,2,13030,13030,b435d7e192d67f2b9467632d39b9b38c7668c8f7
gemm,tile_256x128x32,fp16,4096,4090,4096,4.979408,0.016112,4.95568,388,4.975296,4.982496,5,27561.033,baseline_cublas_default,57398.93,48.02,False,stream,1,tile_family,gemm_tile_family,256x128x32,0.0,6.103516e-05,CUBLAS_DEFAULT_MATH,False,0,2497.0,True,2500,45,91.1,1044102541,49,2,13030,13030,b435d7e192d67f2b9467632d39b9b38c7668c8f7
gemm,tile_64x128x64,fp16,127,127,127,0.019872,0.000512,0.018944,1000,0.019488,0.02,5,206.158,baseline_cublas_default,392.711,52.5,True,stream,1,tile_family,gemm_tile_family,64x128x64,1.160234e-07,1.074736e-05,CUBLAS_DEFAULT_MATH,False,0,2497.0,True,2500,37,41.2,1044102541,50,2,13030,13030,b435d7e192d67f2b9467632d39b9b38c7668c8f7
gemm,tile_128x128x32,fp16,1000,1000,1000,0.076832,0.000544,0.074624,1000,0.076832,0.077312,5,26030.822,baseline_cublas_default,44835.007,58.06,True,stream,1,tile_family,gemm_tile_family,128x128x32,0.0,3.015783e-05,CUBLAS_DEFAULT_MATH,False,0,2497.0,True,2500,38,46.3,1044102541,51,2,13030,13030,b435d7e192d67f2b9467632d39b9b38c7668c8f7
gemm,tile_128x128x64,fp16,8192,8192,8192,20.871327,1.095393,20.606079,94,20.816272,20.947871,5,52680.484,baseline_cublas_default,60234.59,87.46,False,stream,1,tile_family,gemm_tile_family,128x128x64,0.0,8.631675e-05,CUBLAS_DEFAULT_MATH,False,0,2497.0,True,2500,50,150.0,1044102541,52,2,13030,13030,b435d7e192d67f2b9467632d39b9b38c7668c8f7
gemm,tile_128x256x32,fp16,512,512,512,0.038336,0.000512,0.037056,1000,0.037888,0.038432,5,7002.177,baseline_cublas_default,22733.356,30.8,True,stream,1,tile_family,gemm_tile_family,128x256x32,0.0,2.157919e-05,CUBLAS_DEFAULT_MATH,False,0,2497.0,True,2500,39,40.5,1044102541,53,2,13030,13030,b435d7e192d67f2b9467632d39b9b38c7668c8f7
gemm,tile_128x128x32,fp16,127,127,127,0.017952,0.000192,0.016992,1000,0.017664,0.017984,5,228.207,baseline_cublas_default,392.711,58.11,True,stream,1,tile_family,gemm_tile_family,128x128x32,1.160234e-07,1.074736e-05,CUBLAS_DEFAULT_MATH,False,0,2497.0,True,2500,36,40.7,1044102541,54,2,13030,13030,b435d7e192d67f2b9467632d39b9b38c7668c8f7
gemm,tile_128x128x64,fp16,1024,1024,1024,0.069152,9.6e-05,0.067136,1000,0.069056,0.069152,5,31054.543,baseline_cublas_default,48210.391,64.41,True,stream,1,tile_family,gemm_tile_family,128x128x64,0.0,3.051758e-05,CUBLAS_DEFAULT_MATH,False,0,2497.0,True,2500,38,43.0,1044102541,55,2,13030,13030,b435d7e192d67f2b9467632d39b9b38c7668c8f7
gemm,tile_64x128x64,fp16,129,257,193,0.025136,0.001632,0.023232,1000,0.024128,0.025504,5,509.113,baseline_cublas_default,1666.284,30.55,True,stream,1,tile_family,gemm_tile_family,64x128x64,7.667752e-08,1.324887e-05,CUBLAS_DEFAULT_MATH,False,0,2497.0,True,2500,36,37.7,1044102541,56,2,13030,13030,b435d7e192d67f2b9467632d39b9b38c7668c8f7
gemm,tile_128x128x32,fp16,4096,4090,4096,4.102096,0.325072,4.056704,458,4.090144,4.104608,5,33455.49,baseline_cublas_default,57398.93,58.29,False,stream,1,tile_family,gemm_tile_family,128x128x32,0.0,6.103516e-05,CUBLAS_DEFAULT_MATH,False,0,2497.0,True,2500,47,113.4,1044102541,57,2,13030,13030,b435d7e192d67f2b9467632d39b9b38c7668c8f7
gemm,tile_128x256x32,fp16,127,127,127,0.02,6.4e-05,0.017792,1000,0.02,0.02,5,204.838,baseline_cublas_default,392.711,52.16,True,stream,1,tile_family,gemm_tile_family,128x256x32,1.160234e-07,1.074736e-05,CUBLAS_DEFAULT_MATH,False,0,2497.0,True,2500,37,37.0,1044102541,58,2,13030,13030,b435d7e192d67f2b9467632d39b9b38c7668c8f7
gemm,tile_64x128x64,fp16,128,128,128,0.00768,6.4e-05,0.006656,1000,0.00768,0.007712,5,546.133,baseline_cublas_default,744.727,73.33,True,stream,1,tile_family,gemm_tile_family,64x128x64,1.496459e-07,1.078959e-05,CUBLAS_DEFAULT_MATH,False,0,2497.0,True,2500,37,40.0,1044102541,59,2,13030,13030,b435d7e192d67f2b9467632d39b9b38c7668c8f7
gemm,tile_128x128x32,fp16,4096,4096,4096,2.541024,0.017464,2.534816,752,2.5408,2.541248,5,54088.019,baseline_cublas_default,57384.825,94.25,False,stream,1,tile_family,gemm_tile_family,128x128x32,0.0,6.103516e-05,CUBLAS_DEFAULT_MATH,False,0,2497.0,True,2500,50,119.7,1044102541,60,2,13030,13030,b435d7e192d67f2b9467632d39b9b38c7668c8f7
gemm,tile_128x128x64,fp16,128,128,128,0.00976,9.6e-05,0.008736,1000,0.009728,0.00976,5,429.744,baseline_cublas_default,744.727,57.7,True,stream,1,tile_family,gemm_tile_family,128x128x64,1.496459e-07,1.078959e-05,CUBLAS_DEFAULT_MATH,False,0,2497.0,True,2500,37,38.4,1044102541,61,2,13030,13030,b435d7e192d67f2b9467632d39b9b38c7668c8f7
gemm,tile_128x128x32,fp16,1024,1024,1024,0.067104,9.6e-05,0.064992,1000,0.067104,0.067104,5,32002.321,baseline_cublas_default,48210.391,66.38,True,stream,1,tile_family,gemm_tile_family,128x128x32,0.0,3.051758e-05,CUBLAS_DEFAULT_MATH,False,0,2497.0,True,2500,38,42.7,1044102541,62,2,13030,13030,b435d7e192d67f2b9467632d39b9b38c7668c8f7
gemm,tile_128x64x64,fp16,512,512,512,0.013856,9.6e-05,0.013312,1000,0.013856,0.013888,5,19373.228,baseline_cublas_default,22733.356,85.22,True,stream,1,tile_family,gemm_tile_family,128x64x64,0.0,2.157919e-05,CUBLAS_DEFAULT_MATH,False,0,2497.0,True,2500,39,39.3,1044102541,63,2,13030,13030,b435d7e192d67f2b9467632d39b9b38c7668c8f7
gemm,tile_128x64x64,fp16,4096,4090,4096,10.708768,0.382264,10.555968,180,10.638912,10.720928,5,12815.445,baseline_cublas_default,57398.93,22.33,False,stream,1,tile_family,gemm_tile_family,128x64x64,0.0,6.103516e-05,CUBLAS_DEFAULT_MATH,False,0,2497.0,True,2500,42,69.6,1044102541,64,2,13030,13030,b435d7e192d67f2b9467632d39b9b38c7668c8f7
gemm,tile_256x128x32,fp16,2048,2048,2048,0.384128,0.002048,0.381696,1000,0.382912,0.38432,5,44724.334,baseline_cublas_default,56382.156,79.32,True,stream,1,tile_family,gemm_tile_family,256x128x32,0.0,4.315837e-05,CUBLAS_DEFAULT_MATH,False,0,2497.0,True,2500,44,66.9,1044102541,65,2,13030,13030,b435d7e192d67f2b9467632d39b9b38c7668c8f7
gemm,tile_128x128x32,fp16,129,257,193,0.026144,9.6e-05,0.024128,1000,0.026112,0.026144,5,489.484,baseline_cublas_default,1666.284,29.38,True,stream,1,tile_family,gemm_tile_family,128x128x32,7.667752e-08,1.324887e-05,CUBLAS_DEFAULT_MATH,False,0,2497.0,True,2500,37,40.9,1044102541,66,2,13030,13030,b435d7e192d67f2b9467632d39b9b38c7668c8f7
gemm,tile_128x128x32,fp16,2048,2048,2048,0.355872,0.000696,0.355072,1000,0.355872,0.355872,5,48275.416,baseline_cublas_default,56382.156,85.62,True,stream,1,tile_family,gemm_tile_family,128x128x32,0.0,4.315837e-05,CUBLAS_DEFAULT_MATH,False,0,2497.0,True,2500,42,70.3,1044102541,67,2,13030,13030,b435d7e192d67f2b9467632d39b9b38c7668c8f7
gemm,tile_128x256x32,fp16,4096,4096,4096,2.716416,0.01672,2.703904,703,2.712768,2.71728,5,50595.696,baseline_cublas_default,57384.825,88.17,False,stream,1,tile_family,gemm_tile_family,128x256x32,0.0,6.103516e-05,CUBLAS_DEFAULT_MATH,False,0,2497.0,True,2500,48,104.5,1044102541,68,2,13030,13030,b435d7e192d67f2b9467632d39b9b38c7668c8f7
gemm,tile_128x256x32,fp16,8192,64,4096,0.569376,0.011032,0.563968,1000,0.568752,0.57024,5,7543.288,baseline_cublas_default,34160.787,22.08,False,stream,1,tile_family,gemm_tile_family,128x256x32,0.0,6.103516e-05,CUBLAS_DEFAULT_MATH,False,0,2497.0,True,2500,41,59.4,1044102541,69,2,13030,13030,b435d7e192d67f2b9467632d39b9b38c7668c8f7
gemm,tile_256x128x32,fp16,127,127,127,0.01968,0.000512,0.01744,1000,0.019488,0.02,5,208.169,baseline_cublas_default,392.711,53.01,True,stream,1,tile_family,gemm_tile_family,256x128x32,1.160234e-07,1.074736e-05,CUBLAS_DEFAULT_MATH,False,0,2497.0,True,2500,36,39.7,1044102541,70,2,13030,13030,b435d7e192d67f2b9467632d39b9b38c7668c8f7
gemm,tile_128x64x64,fp16,8192,8192,8192,22.675168,1.068249,22.394112,86,22.672481,22.752543,5,48489.679,baseline_cublas_default,60234.59,80.5,False,stream,1,tile_family,gemm_tile_family,128x64x64,0.0,8.631675e-05,CUBLAS_DEFAULT_MATH,False,0,2497.0,True,2500,50,156.4,1044102541,71,2,13030,13030,b435d7e192d67f2b9467632d39b9b38c7668c8f7
gemm,tile_256x128x32,fp16,64,8192,4096,0.53392,0.004712,0.528352,1000,0.533856,0.534672,5,8044.215,baseline_cublas_default,36138.321,22.26,False,stream,1,tile_family,gemm_tile_family,256x128x32,0.0,6.103516e-05,CUBLAS_DEFAULT_MATH,False,0,2497.0,True,2500,37,56.9,1044102541,72,2,13030,13030,b435d7e192d67f2b9467632d39b9b38c7668c8f7
gemm,tile_128x256x32,fp16,768,768,768,0.052768,6.4e-05,0.052032,1000,0.052768,0.052768,5,17168.922,baseline_cublas_default,37648.339,45.6,True,stream,1,tile_family,gemm_tile_family,128x256x32,0.0,2.6429e-05,CUBLAS_DEFAULT_MATH,False,0,2497.0,True,2500,37,40.1,1044102541,73,2,13030,13030,b435d7e192d67f2b9467632d39b9b38c7668c8f7
gemm,tile_128x256x32,fp16,64,8192,4096,0.277504,0.002088,0.274368,1000,0.277472,0.27768,5,15477.137,baseline_cublas_default,36138.321,42.83,False,stream,1,tile_family,gemm_tile_family,128x256x32,0.0,6.103516e-05,CUBLAS_DEFAULT_MATH,False,0,2497.0,True,2500,41,45.6,1044102541,74,2,13030,13030,b435d7e192d67f2b9467632d39b9b38c7668c8f7
gemm,tile_128x256x32,fp16,256,256,256,0.022048,6.4e-05,0.021408,1000,0.022048,0.022048,5,1521.881,baseline_cublas_default,5461.333,27.87,True,stream,1,tile_family,gemm_tile_family,128x256x32,1.609704e-07,1.525879e-05,CUBLAS_DEFAULT_MATH,False,0,2497.0,True,2500,36,39.1,1044102541,75,2,13030,13030,b435d7e192d67f2b9467632d39b9b38c7668c8f7
gemm,tile_128x256x32,fp16,4096,4090,4096,4.8036,0.021384,4.768064,396,4.800928,4.814608,5,28569.745,baseline_cublas_default,57398.93,49.77,False,stream,1,tile_family,gemm_tile_family,128x256x32,0.0,6.103516e-05,CUBLAS_DEFAULT_MATH,False,0,2497.0,True,2500,45,90.3,1044102541,76,2,13030,13030,b435d7e192d67f2b9467632d39b9b38c7668c8f7
gemm,tile_128x128x64,fp16,2048,2048,2048,0.374304,9.6e-05,0.372128,1000,0.374304,0.374304,5,45898.172,baseline_cublas_default,56382.156,81.41,True,stream,1,tile_family,gemm_tile_family,128x128x64,0.0,4.315837e-05,CUBLAS_DEFAULT_MATH,False,0,2497.0,True,2500,43,68.6,1044102541,77,2,13030,13030,b435d7e192d67f2b9467632d39b9b38c7668c8f7
gemm,tile_128x256x32,fp16,129,257,193,0.031648,0.001888,0.029632,1000,0.030304,0.031712,5,404.356,baseline_cublas_default,1666.284,24.27,True,stream,1,tile_family,gemm_tile_family,128x256x32,7.667752e-08,1.324887e-05,CUBLAS_DEFAULT_MATH,False,0,2497.0,True,2500,37,40.1,1044102541,78,2,13030,13030,b435d7e192d67f2b9467632d39b9b38c7668c8f7
gemm,tile_128x128x64,fp16,4096,4090,4096,5.870736,0.44516,5.83568,318,5.866688,5.878144,5,23376.562,baseline_cublas_default,57398.93,40.73,False,stream,1,tile_family,gemm_tile_family,128x128x64,0.0,6.103516e-05,CUBLAS_DEFAULT_MATH,False,0,2497.0,True,2500,44,87.2,1044102541,79,2,13030,13030,b435d7e192d67f2b9467632d39b9b38c7668c8f7
gemm,tile_128x128x32,fp16,128,128,128,0.009728,6.4e-05,0.008448,1000,0.009728,0.00976,5,431.158,baseline_cublas_default,744.727,57.89,True,stream,1,tile_family,gemm_tile_family,128x128x32,1.496459e-07,1.078959e-05,CUBLAS_DEFAULT_MATH,False,0,2497.0,True,2500,36,38.9,1044102541,80,2,13030,13030,b435d7e192d67f2b9467632d39b9b38c7668c8f7
gemm,tile_64x128x64,fp16,8192,8192,8192,29.000448,1.215168,28.240736,69,28.886528,29.378496,5,37913.608,baseline_cublas_default,60234.59,62.94,False,stream,1,tile_family,gemm_tile_family,64x128x64,0.0,8.631675e-05,CUBLAS_DEFAULT_MATH,False,0,2497.0,True,2500,48,146.2,1044102541,81,2,13030,13030,b435d7e192d67f2b9467632d39b9b38c7668c8f7
gemm,tile_128x256x32,fp16,1000,1000,1000,0.07936,0.000224,0.078208,1000,0.07888,0.079392,5,25201.613,baseline_cublas_default,44835.007,56.21,True,stream,1,tile_family,gemm_tile_family,128x256x32,0.0,3.015783e-05,CUBLAS_DEFAULT_MATH,False,0,2497.0,True,2500,37,44.0,1044102541,82,2,13030,13030,b435d7e192d67f2b9467632d39b9b38c7668c8f7
gemm,tile_128x64x64,fp16,2048,2048,2048,0.376688,0.002048,0.375424,1000,0.376384,0.377792,5,45607.689,baseline_cublas_default,56382.156,80.89,True,stream,1,tile_family,gemm_tile_family,128x64x64,0.0,4.315837e-05,CUBLAS_DEFAULT_MATH,False,0,2497.0,True,2500,44,73.0,1044102541,83,2,13030,13030,b435d7e192d67f2b9467632d39b9b38c7668c8f7
gemm,tile_128x128x64,fp16,1000,1000,1000,0.093024,0.000288,0.090944,1000,0.091712,0.093088,5,21499.828,baseline_cublas_default,44835.007,47.95,True,stream,1,tile_family,gemm_tile_family,128x128x64,0.0,3.015783e-05,CUBLAS_DEFAULT_MATH,False,0,2497.0,True,2500,38,45.8,1044102541,84,2,13030,13030,b435d7e192d67f2b9467632d39b9b38c7668c8f7
gemm,tile_128x128x64,fp16,4096,4096,4096,2.664656,0.017864,2.658368,712,2.664352,2.666336,5,51578.499,baseline_cublas_default,57384.825,89.88,False,stream,1,tile_family,gemm_tile_family,128x128x64,0.0,6.103516e-05,CUBLAS_DEFAULT_MATH,False,0,2497.0,True,2500,48,109.7,1044102541,85,2,13030,13030,b435d7e192d67f2b9467632d39b9b38c7668c8f7
gemm,tile_128x64x64,fp16,1000,1000,1000,0.108064,9.6e-05,0.107264,1000,0.108032,0.108064,5,18507.551,baseline_cublas_default,44835.007,41.28,True,stream,1,tile_family,gemm_tile_family,128x64x64,0.0,3.015783e-05,CUBLAS_DEFAULT_MATH,False,0,2497.0,True,2500,39,45.8,1044102541,86,2,13030,13030,b435d7e192d67f2b9467632d39b9b38c7668c8f7
gemm,tile_64x128x64,fp16,4096,4090,4096,10.583424,0.30744,10.482944,183,10.537488,10.602048,5,12967.224,baseline_cublas_default,57398.93,22.59,False,stream,1,tile_family,gemm_tile_family,64x128x64,0.0,6.103516e-05,CUBLAS_DEFAULT_MATH,False,0,2497.0,True,2500,42,70.1,1044102541,87,2,13030,13030,b435d7e192d67f2b9467632d39b9b38c7668c8f7
gemm,tile_128x64x64,fp16,129,257,193,0.026112,0.00016,0.024,1000,0.026048,0.026144,5,490.083,baseline_cublas_default,1666.284,29.41,True,stream,1,tile_family,gemm_tile_family,128x64x64,7.667752e-08,1.324887e-05,CUBLAS_DEFAULT_MATH,False,0,2497.0,True,2500,37,39.0,1044102541,88,2,13030,13030,b435d7e192d67f2b9467632d39b9b38c7668c8f7
gemm,tile_64x128x64,fp16,768,768,768,0.032256,0.000128,0.031456,1000,0.032224,0.032288,5,28086.857,baseline_cublas_default,37648.339,74.6,True,stream,1,tile_family,gemm_tile_family,64x128x64,0.0,2.6429e-05,CUBLAS_DEFAULT_MATH,False,0,2497.0,True,2500,40,41.4,1044102541,89,2,13030,13030,b435d7e192d67f2b9467632d39b9b38c7668c8f7
gemm,tile_256x128x32,fp16,129,257,193,0.03024,6.4e-05,0.028256,1000,0.03024,0.03024,5,423.183,baseline_cublas_default,1666.284,25.4,True,stream,1,tile_family,gemm_tile_family,256x128x32,7.667752e-08,1.324887e-05,CUBLAS_DEFAULT_MATH,False,0,2497.0,True,2500,37,38.8,1044102541,90,2,13030,13030,b435d7e192d67f2b9467632d39b9b38c7668c8f7
gemm,tile_128x64x64,fp16,4096,4096,4096,2.84832,0.014288,2.842208,671,2.847904,2.84896,5,48252.638,baseline_cublas_default,57384.825,84.09,False,stream,1,tile_family,gemm_tile_family,128x64x64,0.0,6.103516e-05,CUBLAS_DEFAULT_MATH,False,0,2497.0,True,2500,49,118.3,1044102541,91,2,13030,13030,b435d7e192d67f2b9467632d39b9b38c7668c8f7
gemm,tile_256x128x32,fp16,1024,1024,1024,0.070592,0.001536,0.06832,1000,0.069152,0.070624,5,30421.062,baseline_cublas_default,48210.391,63.1,True,stream,1,tile_family,gemm_tile_family,256x128x32,0.0,3.051758e-05,CUBLAS_DEFAULT_MATH,False,0,2497.0,True,2500,37,43.9,1044102541,92,2,13030,13030,b435d7e192d67f2b9467632d39b9b38c7668c8f7
gemm,tile_64x128x64,fp16,2048,2048,2048,0.378272,0.000544,0.375584,1000,0.37792,0.378336,5,45416.709,baseline_cublas_default,56382.156,80.55,True,stream,1,tile_family,gemm_tile_family,64x128x64,0.0,4.315837e-05,CUBLAS_DEFAULT_MATH,False,0,2497.0,True,2500,44,73.3,1044102541,93,2,13030,13030,b435d7e192d67f2b9467632d39b9b38c7668c8f7
gemm,tile_256x128x32,fp16,256,256,256,0.022048,0.001472,0.021248,1000,0.022048,0.023456,5,1521.881,baseline_cublas_default,5461.333,27.87,True,stream,1,tile_family,gemm_tile_family,256x128x32,1.609704e-07,1.525879e-05,CUBLAS_DEFAULT_MATH,False,0,2497.0,True,2500,36,39.4,1044102541,94,2,13030,13030,b435d7e192d67f2b9467632d39b9b38c7668c8f7
gemm,tile_128x128x64,fp16,256,256,256,0.013824,0.000128,0.012832,1000,0.013504,0.013856,5,2427.259,baseline_cublas_default,5461.333,44.44,True,stream,1,tile_family,gemm_tile_family,128x128x64,1.609704e-07,1.525879e-05,CUBLAS_DEFAULT_MATH,False,0,2497.0,True,2500,36,39.4,1044102541,95,2,13030,13030,b435d7e192d67f2b9467632d39b9b38c7668c8f7
gemm,tile_256x128x32,fp16,128,128,128,0.013856,0.00016,0.012992,1000,0.013664,0.013856,5,302.707,baseline_cublas_default,744.727,40.65,True,stream,1,tile_family,gemm_tile_family,256x128x32,1.496459e-07,1.078959e-05,CUBLAS_DEFAULT_MATH,False,0,2497.0,True,2500,37,39.6,1044102541,96,2,13030,13030,b435d7e192d67f2b9467632d39b9b38c7668c8f7
gemm,tile_128x128x32,fp16,8192,8192,8192,19.965631,0.92472,19.6896,99,19.904961,19.983295,5,55070.215,baseline_cublas_default,60234.59,91.43,False,stream,1,tile_family,gemm_tile_family,128x128x32,0.0,8.631675e-05,CUBLAS_DEFAULT_MATH,False,0,2497.0,True,2500,50,158.4,1044102541,97,2,13030,13030,b435d7e192d67f2b9467632d39b9b38c7668c8f7
gemm,tile_128x256x32,fp16,8192,8192,8192,21.1992,1.128416,20.97456,93,21.192127,21.276159,5,51865.714,baseline_cublas_default,60234.59,86.11,False,stream,1,tile_family,gemm_tile_family,128x256x32,0.0,8.631675e-05,CUBLAS_DEFAULT_MATH,False,0,2497.0,True,2500,49,133.9,1044102541,98,2,13030,13030,b435d7e192d67f2b9467632d39b9b38c7668c8f7
